ab_group,users,buyers,revenue,arpu,conversion_rate,arppu
control,3012,304,41472.0,13.768924302788845,0.10092961487383798,136.42105263157896
test,2988,351,49443.0,16.54718875502008,0.11746987951807229,140.86324786324786
