metric,control,test_value,relative_uplift,p_value,statistical_test
purchase_conversion,0.10092961487383798,0.11746987951807229,0.16387920101458486,0.0441361980146963,chi_square
arpu,13.768924302788845,16.54718875502008,0.20177788701100696,0.038639380123687096,mann_whitney_u
